data,amostras,amostras_novas,amostras_pcr,amostras_pcr_novas,amostras_antigenio,amostras_antigenio_novas
26-02-2020,,,,,,
27-02-2020,,,,,,
28-02-2020,,,,,,
29-02-2020,,,,,,
01-03-2020,25.0,25.0,25.0,25.0,0.0,0.0
02-03-2020,70.0,45.0,70.0,45.0,0.0,0.0
03-03-2020,131.0,61.0,131.0,61.0,0.0,0.0
04-03-2020,171.0,40.0,171.0,40.0,0.0,0.0
05-03-2020,251.0,80.0,251.0,80.0,0.0,0.0
06-03-2020,332.0,81.0,332.0,81.0,0.0,0.0
07-03-2020,411.0,79.0,411.0,79.0,0.0,0.0
08-03-2020,495.0,84.0,495.0,84.0,0.0,0.0
09-03-2020,670.0,175.0,670.0,175.0,0.0,0.0
10-03-2020,976.0,306.0,976.0,306.0,0.0,0.0
11-03-2020,1556.0,580.0,1556.0,580.0,0.0,0.0
12-03-2020,2494.0,938.0,2494.0,938.0,0.0,0.0
13-03-2020,4045.0,1551.0,4045.0,1551.0,0.0,0.0
14-03-2020,5298.0,1253.0,5298.0,1253.0,0.0,0.0
15-03-2020,6249.0,951.0,6249.0,951.0,0.0,0.0
16-03-2020,7932.0,1683.0,7932.0,1683.0,0.0,0.0
17-03-2020,10236.0,2304.0,10236.0,2304.0,0.0,0.0
18-03-2020,12701.0,2465.0,12701.0,2465.0,0.0,0.0
19-03-2020,15199.0,2498.0,15199.0,2498.0,0.0,0.0
20-03-2020,18414.0,3215.0,18414.0,3215.0,0.0,0.0
21-03-2020,20930.0,2516.0,20930.0,2516.0,0.0,0.0
22-03-2020,23039.0,2109.0,23039.0,2109.0,0.0,0.0
23-03-2020,27220.0,4181.0,27220.0,4181.0,0.0,0.0
24-03-2020,32247.0,5027.0,32247.0,5027.0,0.0,0.0
25-03-2020,37566.0,5319.0,37566.0,5319.0,0.0,0.0
26-03-2020,44260.0,6694.0,44260.0,6694.0,0.0,0.0
27-03-2020,52173.0,7913.0,52173.0,7913.0,0.0,0.0
28-03-2020,59066.0,6893.0,59066.0,6893.0,0.0,0.0
29-03-2020,64098.0,5032.0,64098.0,5032.0,0.0,0.0
30-03-2020,72084.0,7986.0,72084.0,7986.0,0.0,0.0
31-03-2020,80046.0,7962.0,80046.0,7962.0,0.0,0.0
01-04-2020,88696.0,8650.0,88696.0,8650.0,0.0,0.0
02-04-2020,97995.0,9299.0,97995.0,9299.0,0.0,0.0
03-04-2020,107474.0,9479.0,107474.0,9479.0,0.0,0.0
04-04-2020,116632.0,9158.0,116632.0,9158.0,0.0,0.0
05-04-2020,123348.0,6716.0,123348.0,6716.0,0.0,0.0
06-04-2020,132717.0,9369.0,132717.0,9369.0,0.0,0.0
07-04-2020,143340.0,10623.0,143340.0,10623.0,0.0,0.0
08-04-2020,155031.0,11691.0,155031.0,11691.0,0.0,0.0
09-04-2020,167240.0,12209.0,167240.0,12209.0,0.0,0.0
10-04-2020,177456.0,10216.0,177456.0,10216.0,0.0,0.0
11-04-2020,186577.0,9121.0,186577.0,9121.0,0.0,0.0
12-04-2020,191787.0,5210.0,191787.0,5210.0,0.0,0.0
13-04-2020,200731.0,8944.0,200731.0,8944.0,0.0,0.0
14-04-2020,212651.0,11920.0,212651.0,11920.0,0.0,0.0
15-04-2020,226300.0,13649.0,226300.0,13649.0,0.0,0.0
16-04-2020,239774.0,13474.0,239774.0,13474.0,0.0,0.0
17-04-2020,254494.0,14720.0,254494.0,14720.0,0.0,0.0
18-04-2020,267289.0,12795.0,267289.0,12795.0,0.0,0.0
19-04-2020,276791.0,9502.0,276791.0,9502.0,0.0,0.0
20-04-2020,287880.0,11089.0,287880.0,11089.0,0.0,0.0
21-04-2020,302810.0,14930.0,302810.0,14930.0,0.0,0.0
22-04-2020,318341.0,15531.0,318341.0,15531.0,0.0,0.0
23-04-2020,333524.0,15183.0,333524.0,15183.0,0.0,0.0
24-04-2020,348341.0,14817.0,348341.0,14817.0,0.0,0.0
25-04-2020,361787.0,13446.0,361787.0,13446.0,0.0,0.0
26-04-2020,370028.0,8241.0,370028.0,8241.0,0.0,0.0
27-04-2020,382235.0,12207.0,382235.0,12207.0,0.0,0.0
28-04-2020,397751.0,15516.0,397751.0,15516.0,0.0,0.0
29-04-2020,412525.0,14774.0,412525.0,14774.0,0.0,0.0
30-04-2020,428963.0,16438.0,428963.0,16438.0,0.0,0.0
01-05-2020,441636.0,12673.0,441636.0,12673.0,0.0,0.0
02-05-2020,452219.0,10583.0,452219.0,10583.0,0.0,0.0
03-05-2020,460659.0,8440.0,460659.0,8440.0,0.0,0.0
04-05-2020,472548.0,11889.0,472548.0,11889.0,0.0,0.0
05-05-2020,488705.0,16157.0,488705.0,16157.0,0.0,0.0
06-05-2020,504479.0,15774.0,504479.0,15774.0,0.0,0.0
07-05-2020,520512.0,16033.0,520512.0,16033.0,0.0,0.0
08-05-2020,535940.0,15428.0,535940.0,15428.0,0.0,0.0
09-05-2020,549462.0,13522.0,549462.0,13522.0,0.0,0.0
10-05-2020,556969.0,7507.0,556969.0,7507.0,0.0,0.0
11-05-2020,569706.0,12737.0,569706.0,12737.0,0.0,0.0
12-05-2020,586350.0,16644.0,586350.0,16644.0,0.0,0.0
13-05-2020,604565.0,18215.0,604565.0,18215.0,0.0,0.0
14-05-2020,622894.0,18329.0,622894.0,18329.0,0.0,0.0
15-05-2020,643492.0,20598.0,643492.0,20598.0,0.0,0.0
16-05-2020,659486.0,15994.0,659486.0,15994.0,0.0,0.0
17-05-2020,668456.0,8970.0,668456.0,8970.0,0.0,0.0
18-05-2020,680564.0,12108.0,680564.0,12108.0,0.0,0.0
19-05-2020,696759.0,16195.0,696759.0,16195.0,0.0,0.0
20-05-2020,712201.0,15442.0,712201.0,15442.0,0.0,0.0
21-05-2020,727547.0,15346.0,727547.0,15346.0,0.0,0.0
22-05-2020,742731.0,15184.0,742731.0,15184.0,0.0,0.0
23-05-2020,753514.0,10783.0,753514.0,10783.0,0.0,0.0
24-05-2020,759328.0,5814.0,759328.0,5814.0,0.0,0.0
25-05-2020,771258.0,11930.0,771258.0,11930.0,0.0,0.0
26-05-2020,786363.0,15105.0,786363.0,15105.0,0.0,0.0
27-05-2020,803584.0,17221.0,803584.0,17221.0,0.0,0.0
28-05-2020,820547.0,16963.0,820547.0,16963.0,0.0,0.0
29-05-2020,836682.0,16135.0,836682.0,16135.0,0.0,0.0
30-05-2020,849332.0,12650.0,849332.0,12650.0,0.0,0.0
31-05-2020,855879.0,6547.0,855879.0,6547.0,0.0,0.0
01-06-2020,867514.0,11635.0,867514.0,11635.0,0.0,0.0
02-06-2020,883154.0,15640.0,883154.0,15640.0,0.0,0.0
03-06-2020,900384.0,17230.0,900384.0,17230.0,0.0,0.0
04-06-2020,917591.0,17207.0,917591.0,17207.0,0.0,0.0
05-06-2020,932900.0,15309.0,932900.0,15309.0,0.0,0.0
06-06-2020,944336.0,11436.0,944336.0,11436.0,0.0,0.0
07-06-2020,950950.0,6614.0,950950.0,6614.0,0.0,0.0
08-06-2020,962160.0,11210.0,962160.0,11210.0,0.0,0.0
09-06-2020,975681.0,13521.0,975681.0,13521.0,0.0,0.0
10-06-2020,983389.0,7708.0,983389.0,7708.0,0.0,0.0
11-06-2020,988153.0,4764.0,988153.0,4764.0,0.0,0.0
12-06-2020,999066.0,10913.0,999066.0,10913.0,0.0,0.0
13-06-2020,1007039.0,7973.0,1007039.0,7973.0,0.0,0.0
14-06-2020,1011793.0,4754.0,1011793.0,4754.0,0.0,0.0
15-06-2020,1023036.0,11243.0,1023036.0,11243.0,0.0,0.0
16-06-2020,1037801.0,14765.0,1037801.0,14765.0,0.0,0.0
17-06-2020,1052868.0,15067.0,1052868.0,15067.0,0.0,0.0
18-06-2020,1066559.0,13691.0,1066559.0,13691.0,0.0,0.0
19-06-2020,1081272.0,14713.0,1081272.0,14713.0,0.0,0.0
20-06-2020,1090308.0,9036.0,1090308.0,9036.0,0.0,0.0
21-06-2020,1096953.0,6645.0,1096953.0,6645.0,0.0,0.0
22-06-2020,1108979.0,12026.0,1108979.0,12026.0,0.0,0.0
23-06-2020,1124863.0,15884.0,1124863.0,15884.0,0.0,0.0
24-06-2020,1138788.0,13925.0,1138788.0,13925.0,0.0,0.0
25-06-2020,1152367.0,13579.0,1152367.0,13579.0,0.0,0.0
26-06-2020,1168133.0,15766.0,1168133.0,15766.0,0.0,0.0
27-06-2020,1178485.0,10352.0,1178485.0,10352.0,0.0,0.0
28-06-2020,1184838.0,6353.0,1184838.0,6353.0,0.0,0.0
29-06-2020,1197379.0,12541.0,1197379.0,12541.0,0.0,0.0
30-06-2020,1213284.0,15905.0,1213284.0,15905.0,0.0,0.0
01-07-2020,1229740.0,16456.0,1229740.0,16456.0,0.0,0.0
02-07-2020,1245275.0,15535.0,1245275.0,15535.0,0.0,0.0
03-07-2020,1260187.0,14912.0,1260187.0,14912.0,0.0,0.0
04-07-2020,1273082.0,12895.0,1273082.0,12895.0,0.0,0.0
05-07-2020,1280126.0,7044.0,1280126.0,7044.0,0.0,0.0
06-07-2020,1292333.0,12207.0,1292333.0,12207.0,0.0,0.0
07-07-2020,1309023.0,16690.0,1309023.0,16690.0,0.0,0.0
08-07-2020,1326203.0,17180.0,1326203.0,17180.0,0.0,0.0
09-07-2020,1341461.0,15258.0,1341461.0,15258.0,0.0,0.0
10-07-2020,1357268.0,15807.0,1357268.0,15807.0,0.0,0.0
11-07-2020,1369504.0,12236.0,1369504.0,12236.0,0.0,0.0
12-07-2020,1376134.0,6630.0,1376134.0,6630.0,0.0,0.0
13-07-2020,1389313.0,13179.0,1389313.0,13179.0,0.0,0.0
14-07-2020,1407557.0,18244.0,1407557.0,18244.0,0.0,0.0
15-07-2020,1423731.0,16174.0,1423731.0,16174.0,0.0,0.0
16-07-2020,1439402.0,15671.0,1439402.0,15671.0,0.0,0.0
17-07-2020,1455468.0,16066.0,1455468.0,16066.0,0.0,0.0
18-07-2020,1467990.0,12522.0,1467990.0,12522.0,0.0,0.0
19-07-2020,1475526.0,7536.0,1475526.0,7536.0,0.0,0.0
20-07-2020,1489188.0,13662.0,1489188.0,13662.0,0.0,0.0
21-07-2020,1506400.0,17212.0,1506400.0,17212.0,0.0,0.0
22-07-2020,1522147.0,15747.0,1522147.0,15747.0,0.0,0.0
23-07-2020,1537906.0,15759.0,1537906.0,15759.0,0.0,0.0
24-07-2020,1553152.0,15246.0,1553152.0,15246.0,0.0,0.0
25-07-2020,1564987.0,11835.0,1564987.0,11835.0,0.0,0.0
26-07-2020,1571409.0,6422.0,1571409.0,6422.0,0.0,0.0
27-07-2020,1584742.0,13333.0,1584742.0,13333.0,0.0,0.0
28-07-2020,1601697.0,16955.0,1601697.0,16955.0,0.0,0.0
29-07-2020,1618409.0,16712.0,1618409.0,16712.0,0.0,0.0
30-07-2020,1633147.0,14738.0,1633147.0,14738.0,0.0,0.0
31-07-2020,1648558.0,15411.0,1648558.0,15411.0,0.0,0.0
01-08-2020,1660708.0,12150.0,1660708.0,12150.0,0.0,0.0
02-08-2020,1667828.0,7120.0,1667828.0,7120.0,0.0,0.0
03-08-2020,1682148.0,14320.0,1682148.0,14320.0,0.0,0.0
04-08-2020,1699438.0,17290.0,1699438.0,17290.0,0.0,0.0
05-08-2020,1716598.0,17160.0,1716598.0,17160.0,0.0,0.0
06-08-2020,1731171.0,14573.0,1731171.0,14573.0,0.0,0.0
07-08-2020,1746114.0,14943.0,1746114.0,14943.0,0.0,0.0
08-08-2020,1756912.0,10798.0,1756912.0,10798.0,0.0,0.0
09-08-2020,1765293.0,8381.0,1765293.0,8381.0,0.0,0.0
10-08-2020,1778370.0,13077.0,1778370.0,13077.0,0.0,0.0
11-08-2020,1795482.0,17112.0,1795482.0,17112.0,0.0,0.0
12-08-2020,1811820.0,16338.0,1811820.0,16338.0,0.0,0.0
13-08-2020,1826605.0,14785.0,1826605.0,14785.0,0.0,0.0
14-08-2020,1842918.0,16313.0,1842918.0,16313.0,0.0,0.0
15-08-2020,1853540.0,10622.0,1853540.0,10622.0,0.0,0.0
16-08-2020,1861560.0,8020.0,1861560.0,8020.0,0.0,0.0
17-08-2020,1875922.0,14362.0,1875922.0,14362.0,0.0,0.0
18-08-2020,1894464.0,18542.0,1894464.0,18542.0,0.0,0.0
19-08-2020,1911284.0,16820.0,1911284.0,16820.0,0.0,0.0
20-08-2020,1925628.0,14344.0,1925628.0,14344.0,0.0,0.0
21-08-2020,1940450.0,14822.0,1940450.0,14822.0,0.0,0.0
22-08-2020,1951952.0,11502.0,1951952.0,11502.0,0.0,0.0
23-08-2020,1960366.0,8414.0,1960366.0,8414.0,0.0,0.0
24-08-2020,1974262.0,13896.0,1974262.0,13896.0,0.0,0.0
25-08-2020,1992202.0,17940.0,1992202.0,17940.0,0.0,0.0
26-08-2020,2008571.0,16369.0,2008571.0,16369.0,0.0,0.0
27-08-2020,2023568.0,14997.0,2023568.0,14997.0,0.0,0.0
28-08-2020,2040220.0,16652.0,2040220.0,16652.0,0.0,0.0
29-08-2020,2052270.0,12050.0,2052270.0,12050.0,0.0,0.0
30-08-2020,2060532.0,8262.0,2060532.0,8262.0,0.0,0.0
31-08-2020,2076192.0,15660.0,2076192.0,15660.0,0.0,0.0
01-09-2020,2095137.0,18945.0,2095137.0,18945.0,0.0,0.0
02-09-2020,2113266.0,18129.0,2113266.0,18129.0,0.0,0.0
03-09-2020,2130429.0,17163.0,2130429.0,17163.0,0.0,0.0
04-09-2020,2147890.0,17461.0,2147890.0,17461.0,0.0,0.0
05-09-2020,2161813.0,13923.0,2161813.0,13923.0,0.0,0.0
06-09-2020,2171303.0,9490.0,2171303.0,9490.0,0.0,0.0
07-09-2020,2186985.0,15682.0,2186985.0,15682.0,0.0,0.0
08-09-2020,2208088.0,21103.0,2208088.0,21103.0,0.0,0.0
09-09-2020,2229812.0,21724.0,2229812.0,21724.0,0.0,0.0
10-09-2020,2249785.0,19973.0,2249785.0,19973.0,0.0,0.0
11-09-2020,2272063.0,22278.0,2272063.0,22278.0,0.0,0.0
12-09-2020,2288591.0,16528.0,2288591.0,16528.0,0.0,0.0
13-09-2020,2300687.0,12096.0,2300687.0,12096.0,0.0,0.0
14-09-2020,2320088.0,19401.0,2320088.0,19401.0,0.0,0.0
15-09-2020,2343802.0,23714.0,2343802.0,23714.0,0.0,0.0
16-09-2020,2367667.0,23865.0,2367667.0,23865.0,0.0,0.0
17-09-2020,2389366.0,21699.0,2389366.0,21699.0,0.0,0.0
18-09-2020,2411474.0,22108.0,2411474.0,22108.0,0.0,0.0
19-09-2020,2427645.0,16171.0,2427645.0,16171.0,0.0,0.0
20-09-2020,2438739.0,11094.0,2438739.0,11094.0,0.0,0.0
21-09-2020,2458617.0,19878.0,2458617.0,19878.0,0.0,0.0
22-09-2020,2482438.0,23821.0,2482438.0,23821.0,0.0,0.0
23-09-2020,2505215.0,22777.0,2505215.0,22777.0,0.0,0.0
24-09-2020,2526557.0,21342.0,2526557.0,21342.0,0.0,0.0
25-09-2020,2550801.0,24244.0,2550801.0,24244.0,0.0,0.0
26-09-2020,2568030.0,17229.0,2568030.0,17229.0,0.0,0.0
27-09-2020,2579442.0,11412.0,2579357.0,11327.0,85.0,85.0
28-09-2020,2599691.0,20249.0,2599606.0,20249.0,85.0,0.0
29-09-2020,2626242.0,26551.0,2626137.0,26531.0,105.0,20.0
30-09-2020,2652552.0,26310.0,2652364.0,26227.0,188.0,83.0
01-10-2020,2677082.0,24530.0,2676816.0,24452.0,266.0,78.0
02-10-2020,2701780.0,24698.0,2701439.0,24623.0,341.0,75.0
03-10-2020,2719373.0,17593.0,2718969.0,17530.0,404.0,63.0
04-10-2020,2731259.0,11886.0,2730766.0,11797.0,493.0,89.0
05-10-2020,2743047.0,11788.0,2742541.0,11775.0,506.0,13.0
06-10-2020,2766238.0,23191.0,2765689.0,23148.0,549.0,43.0
07-10-2020,2795512.0,29274.0,2794834.0,29145.0,678.0,129.0
08-10-2020,2823258.0,27746.0,2822531.0,27697.0,727.0,49.0
09-10-2020,2852206.0,28948.0,2851215.0,28684.0,991.0,264.0
10-10-2020,2873295.0,21089.0,2872214.0,20999.0,1081.0,90.0
11-10-2020,2886754.0,13459.0,2885672.0,13458.0,1082.0,1.0
12-10-2020,2910097.0,23343.0,2908834.0,23162.0,1263.0,181.0
13-10-2020,2941510.0,31413.0,2940057.0,31223.0,1453.0,190.0
14-10-2020,2973644.0,32134.0,2971991.0,31934.0,1653.0,200.0
15-10-2020,3004790.0,31146.0,3002919.0,30928.0,1871.0,218.0
16-10-2020,3037371.0,32581.0,3035080.0,32161.0,2291.0,420.0
17-10-2020,3061094.0,23723.0,3058721.0,23641.0,2373.0,82.0
18-10-2020,3076200.0,15106.0,3073825.0,15104.0,2375.0,2.0
19-10-2020,3102930.0,26730.0,3100247.0,26422.0,2683.0,308.0
20-10-2020,3136943.0,34013.0,3133948.0,33701.0,2995.0,312.0
21-10-2020,3170995.0,34052.0,3167421.0,33473.0,3574.0,579.0
22-10-2020,3203860.0,32865.0,3199916.0,32495.0,3944.0,370.0
23-10-2020,3237564.0,33704.0,3233096.0,33180.0,4468.0,524.0
24-10-2020,3263443.0,25879.0,3258908.0,25812.0,4535.0,67.0
25-10-2020,3280897.0,17454.0,3276293.0,17385.0,4604.0,69.0
26-10-2020,3309147.0,28250.0,3304070.0,27777.0,5077.0,473.0
27-10-2020,3345255.0,36108.0,3339719.0,35649.0,5536.0,459.0
28-10-2020,3381864.0,36609.0,3375689.0,35970.0,6175.0,639.0
29-10-2020,3419095.0,37231.0,3412342.0,36653.0,6753.0,578.0
30-10-2020,3457766.0,38671.0,3450126.0,37784.0,7640.0,887.0
31-10-2020,3489394.0,31628.0,3481422.0,31296.0,7972.0,332.0
01-11-2020,3512014.0,22620.0,3504015.0,22593.0,7999.0,27.0
02-11-2020,3542464.0,30450.0,3533606.0,29591.0,8858.0,859.0
03-11-2020,3583901.0,41437.0,3574389.0,40783.0,9512.0,654.0
04-11-2020,3625701.0,41800.0,3615306.0,40917.0,10395.0,883.0
05-11-2020,3667727.0,42026.0,3656593.0,41287.0,11134.0,739.0
06-11-2020,3710314.0,42587.0,3698188.0,41595.0,12126.0,992.0
07-11-2020,3743800.0,33486.0,3730894.0,32706.0,12906.0,780.0
08-11-2020,3765931.0,22131.0,3752951.0,22057.0,12980.0,74.0
09-11-2020,3799283.0,33352.0,3785146.0,32195.0,14137.0,1157.0
10-11-2020,3840366.0,41083.0,3824755.0,39609.0,15611.0,1474.0
11-11-2020,3884203.0,43837.0,3867058.0,42303.0,17145.0,1534.0
12-11-2020,3928622.0,44419.0,3910133.0,43075.0,18489.0,1344.0
13-11-2020,3978237.0,49615.0,3957013.0,46880.0,21224.0,2735.0
14-11-2020,4012093.0,33856.0,3989618.0,32605.0,22475.0,1251.0
15-11-2020,4035210.0,23117.0,4012588.0,22970.0,22622.0,147.0
16-11-2020,4072707.0,37497.0,4048032.0,35444.0,24675.0,2053.0
17-11-2020,4118007.0,45300.0,4091242.0,43210.0,26765.0,2090.0
18-11-2020,4166960.0,48953.0,4137501.0,46259.0,29459.0,2694.0
19-11-2020,4214566.0,47606.0,4182833.0,45332.0,31733.0,2274.0
20-11-2020,4261189.0,46623.0,4226346.0,43513.0,34843.0,3110.0
21-11-2020,4296063.0,34874.0,4260082.0,33736.0,35981.0,1138.0
22-11-2020,4322203.0,26140.0,4286030.0,25948.0,36173.0,192.0
23-11-2020,4356032.0,33829.0,4316798.0,30768.0,39234.0,3061.0
24-11-2020,4403437.0,47405.0,4361524.0,44726.0,41913.0,2679.0
25-11-2020,4450244.0,46807.0,4405712.0,44188.0,44532.0,2619.0
26-11-2020,4495080.0,44836.0,4447970.0,42258.0,47110.0,2578.0
27-11-2020,4540215.0,45135.0,4490112.0,42142.0,50103.0,2993.0
28-11-2020,4571959.0,31744.0,4520068.0,29956.0,51891.0,1788.0
29-11-2020,4588893.0,16934.0,4536772.0,16704.0,52121.0,230.0
30-11-2020,4621176.0,32283.0,4566299.0,29527.0,54877.0,2756.0
01-12-2020,4645312.0,24136.0,4589852.0,23553.0,55460.0,583.0
02-12-2020,4682592.0,37280.0,4623888.0,34036.0,58704.0,3244.0
03-12-2020,4726416.0,43824.0,4664559.0,40671.0,61857.0,3153.0
04-12-2020,4769846.0,43430.0,4704337.0,39778.0,65509.0,3652.0
05-12-2020,4797760.0,27914.0,4730393.0,26056.0,67367.0,1858.0
06-12-2020,4813532.0,15772.0,4745928.0,15535.0,67604.0,237.0
07-12-2020,4848498.0,34966.0,4774201.0,28273.0,74297.0,6693.0
08-12-2020,4874589.0,26091.0,4799254.0,25053.0,75335.0,1038.0
09-12-2020,4908994.0,34405.0,4829984.0,30730.0,79010.0,3675.0
10-12-2020,4950845.0,41851.0,4867252.0,37268.0,83593.0,4583.0
11-12-2020,4990234.0,39389.0,4902628.0,35376.0,87606.0,4013.0
12-12-2020,5018141.0,27907.0,4928807.0,26179.0,89334.0,1728.0
13-12-2020,5035533.0,17392.0,4945873.0,17066.0,89660.0,326.0
14-12-2020,5068241.0,32708.0,4974726.0,28853.0,93515.0,3855.0
15-12-2020,5110224.0,41983.0,5013578.0,38852.0,96646.0,3131.0
16-12-2020,5152449.0,42225.0,5051823.0,38245.0,100626.0,3980.0
17-12-2020,5195160.0,42711.0,5090149.0,38326.0,105011.0,4385.0
18-12-2020,5238685.0,43525.0,5128365.0,38216.0,110320.0,5309.0
19-12-2020,5270349.0,31664.0,5157298.0,28933.0,113051.0,2731.0
20-12-2020,5288732.0,18383.0,5175292.0,17994.0,113440.0,389.0
21-12-2020,5329308.0,40576.0,5209129.0,33837.0,120179.0,6739.0
22-12-2020,5382486.0,53178.0,5254618.0,45489.0,127868.0,7689.0
23-12-2020,5441753.0,59267.0,5300966.0,46348.0,140787.0,12919.0
24-12-2020,5475398.0,33645.0,5329011.0,28045.0,146387.0,5600.0
25-12-2020,5484202.0,8804.0,5337332.0,8321.0,146870.0,483.0
26-12-2020,5504124.0,19922.0,5355419.0,18087.0,148705.0,1835.0
27-12-2020,5521565.0,17441.0,5372189.0,16770.0,149376.0,671.0
28-12-2020,5555653.0,34088.0,5400906.0,28717.0,154747.0,5371.0
29-12-2020,5600537.0,44884.0,5440915.0,40009.0,159622.0,4875.0
30-12-2020,5645083.0,44546.0,5478789.0,37874.0,166294.0,6672.0
31-12-2020,5681817.0,36734.0,5510762.0,31973.0,171055.0,4761.0
01-01-2021,5695754.0,13937.0,5524296.0,13534.0,171458.0,403.0
02-01-2021,5728465.0,32711.0,5552951.0,28655.0,175514.0,4056.0
03-01-2021,5749331.0,20866.0,5572157.0,19206.0,177174.0,1660.0
04-01-2021,5794406.0,45075.0,5607060.0,34903.0,187346.0,10172.0
05-01-2021,5850129.0,55723.0,5655673.0,48613.0,194456.0,7110.0
06-01-2021,5905917.0,55788.0,5703505.0,47832.0,202412.0,7956.0
07-01-2021,5960753.0,54836.0,5749755.0,46250.0,210998.0,8586.0
08-01-2021,6016969.0,56216.0,5796609.0,46854.0,220360.0,9362.0
09-01-2021,6060744.0,43775.0,5834436.0,37827.0,226308.0,5948.0
10-01-2021,6085724.0,24980.0,5856806.0,22370.0,228918.0,2610.0
11-01-2021,6133420.0,47696.0,5894543.0,37737.0,238877.0,9959.0
12-01-2021,6191663.0,58243.0,5945562.0,51019.0,246101.0,7224.0
13-01-2021,6250524.0,58861.0,5995886.0,50324.0,254638.0,8537.0
14-01-2021,6310668.0,60144.0,6048592.0,52706.0,262076.0,7438.0
15-01-2021,6373175.0,62507.0,6102003.0,53411.0,271172.0,9096.0
16-01-2021,6423943.0,50768.0,6148323.0,46320.0,275620.0,4448.0
17-01-2021,6455142.0,31199.0,6177857.0,29534.0,277285.0,1665.0
18-01-2021,6508343.0,53201.0,6220171.0,42314.0,288172.0,10887.0
19-01-2021,6580459.0,72116.0,6280493.0,60322.0,299966.0,11794.0
20-01-2021,6655975.0,75516.0,6344379.0,63886.0,311596.0,11630.0
21-01-2021,6726793.0,70818.0,6403635.0,59256.0,323158.0,11562.0
22-01-2021,6803850.0,77057.0,6467793.0,64158.0,336057.0,12899.0
23-01-2021,6866929.0,63079.0,6520841.0,53048.0,346088.0,10031.0
24-01-2021,6905250.0,38321.0,6557024.0,36183.0,348226.0,2138.0
25-01-2021,6960808.0,55558.0,6600426.0,43402.0,360382.0,12156.0
26-01-2021,7035416.0,74608.0,6664977.0,64551.0,370439.0,10057.0
27-01-2021,7106968.0,71552.0,6727111.0,62134.0,379857.0,9418.0
28-01-2021,7176737.0,69769.0,6788908.0,61797.0,387829.0,7972.0
29-01-2021,7244942.0,68205.0,6847235.0,58327.0,397707.0,9878.0
30-01-2021,7296442.0,51500.0,6893930.0,46695.0,402512.0,4805.0
31-01-2021,7322065.0,25623.0,6917781.0,23851.0,404284.0,1772.0
01-02-2021,7369434.0,47369.0,6956105.0,38324.0,413329.0,9045.0
02-02-2021,7427429.0,57995.0,7006692.0,50587.0,420737.0,7408.0
03-02-2021,7480830.0,53401.0,7052438.0,45746.0,428392.0,7655.0
04-02-2021,7531214.0,50384.0,7094230.0,41792.0,436984.0,8592.0
05-02-2021,7580839.0,49625.0,7133469.0,39239.0,447370.0,10386.0
06-02-2021,7611195.0,30356.0,7160980.0,27511.0,450215.0,2845.0
07-02-2021,7626280.0,15085.0,7175153.0,14173.0,451127.0,912.0
08-02-2021,7661203.0,34923.0,7203750.0,28597.0,457453.0,6326.0
09-02-2021,7699897.0,38694.0,7238236.0,34486.0,461661.0,4208.0
10-02-2021,7737518.0,37621.0,7270454.0,32218.0,467064.0,5403.0
11-02-2021,7774865.0,37347.0,7299531.0,29077.0,475334.0,8270.0
12-02-2021,7813617.0,38752.0,7329461.0,29930.0,484156.0,8822.0
13-02-2021,7835100.0,21483.0,7348150.0,18689.0,486950.0,2794.0
14-02-2021,7847200.0,12100.0,7358642.0,10492.0,488558.0,1608.0
15-02-2021,7880335.0,33135.0,7383794.0,25152.0,496541.0,7983.0
16-02-2021,7912418.0,32083.0,7409416.0,25622.0,503002.0,6461.0
17-02-2021,7946772.0,34354.0,7435313.0,25897.0,511459.0,8457.0
18-02-2021,7980757.0,33985.0,7460859.0,25546.0,519898.0,8439.0
19-02-2021,8014644.0,33887.0,7486810.0,25951.0,527834.0,7936.0
20-02-2021,8036492.0,21848.0,7505505.0,18695.0,530987.0,3153.0
21-02-2021,8047346.0,10854.0,7515021.0,9516.0,532325.0,1338.0
22-02-2021,8078642.0,31296.0,7537996.0,22975.0,540646.0,8321.0
23-02-2021,8110219.0,31577.0,7563106.0,25110.0,547113.0,6467.0
24-02-2021,8141454.0,31235.0,7586767.0,23661.0,554687.0,7574.0
25-02-2021,8172428.0,30974.0,7609856.0,23089.0,562572.0,7885.0
26-02-2021,8205338.0,32910.0,7635341.0,25485.0,569997.0,7425.0
27-02-2021,8225718.0,20380.0,7653569.0,18228.0,572149.0,2152.0
28-02-2021,8237157.0,11439.0,7663825.0,10256.0,573332.0,1183.0
01-03-2021,8263796.0,26639.0,7683565.0,19740.0,580231.0,6899.0
02-03-2021,8293531.0,29735.0,7706785.0,23220.0,586746.0,6515.0
03-03-2021,8322919.0,29388.0,7729948.0,23163.0,592971.0,6225.0
04-03-2021,8351000.0,28081.0,7751371.0,21423.0,599629.0,6658.0
05-03-2021,8379636.0,28636.0,7773472.0,22101.0,606164.0,6535.0
06-03-2021,8399527.0,19891.0,7790876.0,17404.0,608651.0,2487.0
07-03-2021,8408923.0,9396.0,7799163.0,8287.0,609760.0,1109.0
08-03-2021,8434226.0,25303.0,7820332.0,21169.0,613894.0,4134.0
09-03-2021,8458739.0,24513.0,7841772.0,21440.0,616967.0,3073.0
10-03-2021,8485366.0,26627.0,7864333.0,22561.0,621033.0,4066.0
11-03-2021,8509679.0,24313.0,7884778.0,20445.0,624901.0,3868.0
12-03-2021,8536960.0,27281.0,7906672.0,21894.0,630288.0,5387.0
13-03-2021,8557976.0,21016.0,7924593.0,17921.0,633383.0,3095.0
14-03-2021,8567685.0,9709.0,7933170.0,8577.0,634515.0,1132.0
15-03-2021,8594112.0,26427.0,7953267.0,20097.0,640845.0,6330.0
16-03-2021,8635506.0,41394.0,7975879.0,22612.0,659627.0,18782.0
17-03-2021,8683608.0,48102.0,7998686.0,22807.0,684922.0,25295.0
18-03-2021,8736504.0,52896.0,8020352.0,21666.0,716152.0,31230.0
19-03-2021,8789989.0,53485.0,8042844.0,22492.0,747145.0,30993.0
20-03-2021,8823503.0,33514.0,8061421.0,18577.0,762082.0,14937.0
21-03-2021,8833757.0,10254.0,8070082.0,8661.0,763675.0,1593.0
22-03-2021,8864040.0,30283.0,8092216.0,22134.0,771824.0,8149.0
23-03-2021,8895240.0,31200.0,8117932.0,25716.0,777308.0,5484.0
24-03-2021,8924496.0,29256.0,8142368.0,24436.0,782128.0,4820.0
25-03-2021,8951974.0,27478.0,8165795.0,23427.0,786179.0,4051.0
26-03-2021,8982121.0,30147.0,8190887.0,25092.0,791234.0,5055.0
27-03-2021,9004279.0,22158.0,8210753.0,19866.0,793526.0,2292.0
28-03-2021,9015124.0,10845.0,8220469.0,9716.0,794655.0,1129.0
29-03-2021,9045316.0,30192.0,8244723.0,24254.0,800593.0,5938.0
30-03-2021,9074560.0,29244.0,8270501.0,25778.0,804059.0,3466.0
31-03-2021,9103440.0,28880.0,8295066.0,24565.0,808374.0,4315.0
01-04-2021,9132182.0,28742.0,8318417.0,23351.0,813765.0,5391.0
02-04-2021,9147103.0,14921.0,8331047.0,12630.0,816056.0,2291.0
03-04-2021,9170238.0,23135.0,8351810.0,20763.0,818428.0,2372.0
04-04-2021,9182642.0,12404.0,8363114.0,11304.0,819528.0,1100.0
05-04-2021,9241888.0,59246.0,8390158.0,27044.0,851730.0,32202.0
06-04-2021,9305570.0,63682.0,8419344.0,29186.0,886226.0,34496.0
07-04-2021,9368908.0,63338.0,8448382.0,29038.0,920526.0,34300.0
08-04-2021,9427197.0,58289.0,8475927.0,27545.0,951270.0,30744.0
09-04-2021,9487353.0,60156.0,8506500.0,30573.0,980853.0,29583.0
10-04-2021,9519153.0,31800.0,8531360.0,24860.0,987793.0,6940.0
11-04-2021,9531995.0,12842.0,8543073.0,11713.0,988922.0,1129.0
12-04-2021,9570790.0,38795.0,8569010.0,25937.0,1001780.0,12858.0
13-04-2021,9612274.0,41484.0,8598379.0,29369.0,1013895.0,12115.0
14-04-2021,9653908.0,41634.0,8627634.0,29255.0,1026274.0,12379.0
15-04-2021,9695990.0,42082.0,8657888.0,30254.0,1038102.0,11828.0
16-04-2021,9743042.0,47052.0,8690609.0,32721.0,1052433.0,14331.0
17-04-2021,9774503.0,31461.0,8714592.0,23983.0,1059911.0,7478.0
18-04-2021,9788932.0,14429.0,8726567.0,11975.0,1062365.0,2454.0
19-04-2021,9867648.0,78716.0,8753457.0,26890.0,1114191.0,51826.0
20-04-2021,9964582.0,96934.0,8785537.0,32080.0,1179045.0,64854.0
21-04-2021,10063326.0,98744.0,8817911.0,32374.0,1245415.0,66370.0
22-04-2021,10161389.0,98063.0,8849098.0,31187.0,1312291.0,66876.0
23-04-2021,10249935.0,88546.0,8879586.0,30488.0,1370349.0,58058.0
24-04-2021,10291321.0,41386.0,8905446.0,25860.0,1385875.0,15526.0
25-04-2021,10305806.0,14485.0,8917783.0,12337.0,1388023.0,2148.0
26-04-2021,10359270.0,53464.0,8944935.0,27152.0,1414335.0,26312.0
27-04-2021,10416722.0,57452.0,8977786.0,32851.0,1438936.0,24601.0
28-04-2021,10470067.0,53345.0,9011662.0,33876.0,1458405.0,19469.0
29-04-2021,10524168.0,54101.0,9043495.0,31833.0,1480673.0,22268.0
30-04-2021,10588337.0,64169.0,9077914.0,34419.0,1510423.0,29750.0
01-05-2021,10619791.0,31454.0,9101311.0,23397.0,1518480.0,8057.0
02-05-2021,10636931.0,17140.0,9115280.0,13969.0,1521651.0,3171.0
03-05-2021,10688942.0,52011.0,9145298.0,30018.0,1543644.0,21993.0
04-05-2021,10741502.0,52560.0,9179516.0,34218.0,1561986.0,18342.0
05-05-2021,10790757.0,49255.0,9212254.0,32738.0,1578503.0,16517.0
06-05-2021,10839340.0,48583.0,9244000.0,31746.0,1595340.0,16837.0
07-05-2021,10887189.0,47849.0,9276242.0,32242.0,1610947.0,15607.0
08-05-2021,10918687.0,31498.0,9301072.0,24830.0,1617615.0,6668.0
09-05-2021,10934627.0,15940.0,9313825.0,12753.0,1620802.0,3187.0
10-05-2021,10974062.0,39435.0,9341860.0,28035.0,1632202.0,11400.0
11-05-2021,11015935.0,41873.0,9374161.0,32301.0,1641774.0,9572.0
12-05-2021,11059748.0,43813.0,9407364.0,33203.0,1652384.0,10610.0
13-05-2021,11099997.0,40249.0,9437347.0,29983.0,1662650.0,10266.0
14-05-2021,11146367.0,46370.0,9472047.0,34700.0,1674320.0,11670.0
15-05-2021,11177329.0,30962.0,9498150.0,26103.0,1679179.0,4859.0
16-05-2021,11193036.0,15707.0,9511630.0,13480.0,1681406.0,2227.0
17-05-2021,11236329.0,43293.0,9543012.0,31382.0,1693317.0,11911.0
18-05-2021,11277799.0,41470.0,9575616.0,32604.0,1702183.0,8866.0
19-05-2021,11322198.0,44399.0,9608105.0,32489.0,1714093.0,11910.0
20-05-2021,11366775.0,44577.0,9640126.0,32021.0,1726649.0,12556.0
21-05-2021,11412153.0,45378.0,9673952.0,33826.0,1738201.0,11552.0
22-05-2021,11445713.0,33560.0,9702836.0,28884.0,1742877.0,4676.0
23-05-2021,11461865.0,16152.0,9716457.0,13621.0,1745408.0,2531.0
24-05-2021,11504545.0,42680.0,9748264.0,31807.0,1756281.0,10873.0
25-05-2021,11548135.0,43590.0,9782589.0,34325.0,1765546.0,9265.0
26-05-2021,11598544.0,50409.0,9819125.0,36536.0,1779419.0,13873.0
27-05-2021,11652491.0,53947.0,9855905.0,36780.0,1796586.0,17167.0
28-05-2021,11711766.0,59275.0,9894232.0,38327.0,1817534.0,20948.0
29-05-2021,11755085.0,43319.0,9925350.0,31118.0,1829735.0,12201.0
30-05-2021,11775454.0,20369.0,9940504.0,15154.0,1834950.0,5215.0
31-05-2021,11825271.0,49817.0,9975130.0,34626.0,1850141.0,15191.0
01-06-2021,11883899.0,58628.0,10015155.0,40025.0,1868744.0,18603.0
02-06-2021,11940302.0,56403.0,10053464.0,38309.0,1886838.0,18094.0
03-06-2021,11974819.0,34517.0,10080430.0,26966.0,1894389.0,7551.0
04-06-2021,12027243.0,52424.0,10115897.0,35467.0,1911346.0,16957.0
05-06-2021,12074910.0,47667.0,10152113.0,36216.0,1922797.0,11451.0
06-06-2021,12095822.0,20912.0,10168128.0,16015.0,1927694.0,4897.0
07-06-2021,12144627.0,48805.0,10202322.0,34194.0,1942305.0,14611.0
08-06-2021,12198423.0,53796.0,10242732.0,40410.0,1955691.0,13386.0
09-06-2021,12251384.0,52961.0,10281526.0,38794.0,1969858.0,14167.0
10-06-2021,12278762.0,27378.0,10304593.0,23067.0,1974169.0,4311.0
11-06-2021,12326015.0,47253.0,10336952.0,32359.0,1989063.0,14894.0
12-06-2021,12365177.0,39162.0,10368454.0,31502.0,1996723.0,7660.0
13-06-2021,12383749.0,18572.0,10383488.0,15034.0,2000261.0,3538.0
14-06-2021,12433519.0,49770.0,10418437.0,34949.0,2015082.0,14821.0
15-06-2021,12489051.0,55532.0,10458286.0,39849.0,2030765.0,15683.0
16-06-2021,12543507.0,54456.0,10495577.0,37291.0,2047930.0,17165.0
17-06-2021,12609022.0,65515.0,10533372.0,37795.0,2075650.0,27720.0
18-06-2021,12684501.0,75479.0,10571951.0,38579.0,2112550.0,36900.0
19-06-2021,12731507.0,47006.0,10604668.0,32717.0,2126839.0,14289.0
20-06-2021,12752246.0,20739.0,10619145.0,14477.0,2133101.0,6262.0
21-06-2021,12808506.0,56260.0,10654910.0,35765.0,2153596.0,20495.0
22-06-2021,12874141.0,65635.0,10695304.0,40394.0,2178837.0,25241.0
23-06-2021,12942680.0,68539.0,10734077.0,38773.0,2208603.0,29766.0
24-06-2021,13007833.0,65153.0,10768774.0,34697.0,2239059.0,30456.0
25-06-2021,13086008.0,78175.0,10808198.0,39424.0,2277810.0,38751.0
26-06-2021,13138999.0,52991.0,10840517.0,32319.0,2298482.0,20672.0
27-06-2021,13162427.0,23428.0,10856640.0,16123.0,2305787.0,7305.0
28-06-2021,13219463.0,57036.0,10892636.0,35996.0,2326827.0,21040.0
29-06-2021,13282773.0,63310.0,10934838.0,42202.0,2347935.0,21108.0
30-06-2021,13349652.0,66879.0,10975303.0,40465.0,2374349.0,26414.0
01-07-2021,13428294.0,78642.0,11015620.0,40317.0,2412674.0,38325.0
02-07-2021,13514754.0,86460.0,11056300.0,40680.0,2458454.0,45780.0
03-07-2021,13571382.0,56628.0,11091862.0,35562.0,2479520.0,21066.0
04-07-2021,13597636.0,26254.0,11110230.0,18368.0,2487406.0,7886.0
05-07-2021,13659719.0,62083.0,11146205.0,35975.0,2513514.0,26108.0
06-07-2021,13724030.0,64311.0,11190473.0,44268.0,2533557.0,20043.0
07-07-2021,13787702.0,63672.0,11230908.0,40435.0,2556794.0,23237.0
08-07-2021,13860708.0,73006.0,11271877.0,40969.0,2588831.0,32037.0
09-07-2021,13950949.0,90241.0,11314773.0,42896.0,2636176.0,47345.0
10-07-2021,14007904.0,56955.0,11349863.0,35090.0,2658041.0,21865.0
11-07-2021,14033631.0,25727.0,11367475.0,17612.0,2666156.0,8115.0
12-07-2021,14098293.0,64662.0,11404361.0,36886.0,2693932.0,27776.0
13-07-2021,14167143.0,68850.0,11449533.0,45172.0,2717610.0,23678.0
14-07-2021,14235465.0,68322.0,11491759.0,42226.0,2743706.0,26096.0
15-07-2021,14312351.0,76886.0,11532298.0,40539.0,2780053.0,36347.0
16-07-2021,14408031.0,95680.0,11575270.0,42972.0,2832761.0,52708.0
17-07-2021,14470042.0,62011.0,11608649.0,33379.0,2861393.0,28632.0
18-07-2021,14498839.0,28797.0,11626250.0,17601.0,2872589.0,11196.0
19-07-2021,14568458.0,69619.0,11664292.0,38042.0,2904166.0,31577.0
20-07-2021,14637520.0,69062.0,11709466.0,45174.0,2928054.0,23888.0
21-07-2021,14703503.0,65983.0,11749095.0,39629.0,2954408.0,26354.0
22-07-2021,14779001.0,75498.0,11788410.0,39315.0,2990591.0,36183.0
23-07-2021,14873862.0,94861.0,11827205.0,38795.0,3046657.0,56066.0
24-07-2021,14933873.0,60011.0,11857283.0,30078.0,3076590.0,29933.0
25-07-2021,14960880.0,27007.0,11873849.0,16566.0,3087031.0,10441.0
26-07-2021,15029087.0,68207.0,11910138.0,36289.0,3118949.0,31918.0
27-07-2021,15090784.0,61697.0,11948898.0,38760.0,3141886.0,22937.0
28-07-2021,15151363.0,60579.0,11984696.0,35798.0,3166667.0,24781.0
29-07-2021,15224054.0,72691.0,12021497.0,36801.0,3202557.0,35890.0
30-07-2021,15317138.0,93084.0,12058170.0,36673.0,3258968.0,56411.0
31-07-2021,15381301.0,64163.0,12087806.0,29636.0,3293495.0,34527.0
01-08-2021,15405794.0,24493.0,12102081.0,14275.0,3303713.0,10218.0
02-08-2021,15465420.0,59626.0,12134495.0,32414.0,3330925.0,27212.0
03-08-2021,15521368.0,55948.0,12169153.0,34658.0,3352215.0,21290.0
04-08-2021,15576501.0,55133.0,12200871.0,31718.0,3375630.0,23415.0
05-08-2021,15639080.0,62579.0,12230778.0,29907.0,3408302.0,32672.0
06-08-2021,15723293.0,84213.0,12262899.0,32121.0,3460394.0,52092.0
07-08-2021,15780859.0,57566.0,12287266.0,24367.0,3493593.0,33199.0
08-08-2021,15805037.0,24178.0,12300282.0,13016.0,3504755.0,11162.0
09-08-2021,15865745.0,60708.0,12330819.0,30537.0,3534926.0,30171.0
10-08-2021,15922777.0,57032.0,12362838.0,32019.0,3559939.0,25013.0
11-08-2021,15976242.0,53465.0,12392186.0,29348.0,3584056.0,24117.0
12-08-2021,16037936.0,61694.0,12420676.0,28490.0,3617260.0,33204.0
13-08-2021,16120741.0,82805.0,12450627.0,29951.0,3670114.0,52854.0
14-08-2021,16179411.0,58670.0,12474746.0,24119.0,3704665.0,34551.0
15-08-2021,16204267.0,24856.0,12487001.0,12255.0,3717266.0,12601.0
16-08-2021,16267302.0,63035.0,12517493.0,30492.0,3749809.0,32543.0
17-08-2021,16324178.0,56876.0,12548333.0,30840.0,3775845.0,26036.0
18-08-2021,16379698.0,55520.0,12576543.0,28210.0,3803155.0,27310.0
19-08-2021,16439424.0,59726.0,12604108.0,27565.0,3835316.0,32161.0
20-08-2021,16517210.0,77786.0,12631658.0,27550.0,3885552.0,50236.0
21-08-2021,16569753.0,52543.0,12654390.0,22732.0,3915363.0,29811.0
22-08-2021,16592131.0,22378.0,12666021.0,11631.0,3926110.0,10747.0
23-08-2021,16649606.0,57475.0,12695023.0,29002.0,3954583.0,28473.0
24-08-2021,16699757.0,50151.0,12723061.0,28038.0,3976696.0,22113.0
25-08-2021,16751100.0,51343.0,12751170.0,28109.0,3999930.0,23234.0
26-08-2021,16805076.0,53976.0,12776624.0,25454.0,4028452.0,28522.0
27-08-2021,16876752.0,71676.0,12804749.0,28125.0,4072003.0,43551.0
28-08-2021,16926834.0,50082.0,12827609.0,22860.0,4099225.0,27222.0
29-08-2021,16948403.0,21569.0,12838489.0,10880.0,4109914.0,10689.0
30-08-2021,17004255.0,55852.0,12867656.0,29167.0,4136599.0,26685.0
31-08-2021,17055465.0,51210.0,12895244.0,27588.0,4160221.0,23622.0
01-09-2021,17104302.0,48837.0,12921509.0,26265.0,4182793.0,22572.0
02-09-2021,17153567.0,49265.0,12946474.0,24965.0,4207093.0,24300.0
03-09-2021,17218748.0,65181.0,12972747.0,26273.0,4246001.0,38908.0
04-09-2021,17259745.0,40997.0,12992034.0,19287.0,4267711.0,21710.0
05-09-2021,17278537.0,18792.0,13002262.0,10228.0,4276275.0,8564.0
06-09-2021,17325686.0,47149.0,13027838.0,25576.0,4297848.0,21573.0
07-09-2021,17372347.0,46661.0,13053909.0,26071.0,4318438.0,20590.0
08-09-2021,17425739.0,53392.0,13079115.0,25206.0,4346624.0,28186.0
09-09-2021,17487984.0,62245.0,13101153.0,22038.0,4386831.0,40207.0
10-09-2021,17565780.0,77796.0,13125126.0,23973.0,4440654.0,53823.0
11-09-2021,17607207.0,41427.0,13143859.0,18733.0,4463348.0,22694.0
12-09-2021,17624476.0,17269.0,13153832.0,9973.0,4470644.0,7296.0
13-09-2021,17693662.0,69186.0,13180118.0,26286.0,4513544.0,42900.0
14-09-2021,17763916.0,70254.0,13205205.0,25087.0,4558711.0,45167.0
15-09-2021,17835605.0,71689.0,13228589.0,23384.0,4607016.0,48305.0
16-09-2021,17902228.0,66623.0,13250930.0,22341.0,4651298.0,44282.0
17-09-2021,17971249.0,69021.0,13276075.0,25145.0,4695174.0,43876.0
18-09-2021,18007805.0,36556.0,13294613.0,18538.0,4713192.0,18018.0
19-09-2021,18024792.0,16987.0,13304548.0,9935.0,4720244.0,7052.0
20-09-2021,18075859.0,51067.0,13330460.0,25912.0,4745399.0,25155.0
21-09-2021,18129451.0,53592.0,13354442.0,23982.0,4775009.0,29610.0
22-09-2021,18192025.0,62574.0,13378738.0,24296.0,4813287.0,38278.0
23-09-2021,18263260.0,71235.0,13401873.0,23135.0,4861387.0,48100.0
24-09-2021,18341171.0,77911.0,13426371.0,24498.0,4914800.0,53413.0
25-09-2021,18377832.0,36661.0,13445204.0,18833.0,4932628.0,17828.0
26-09-2021,18394662.0,16830.0,13455891.0,10687.0,4938771.0,6143.0
27-09-2021,18457676.0,63014.0,13482625.0,26734.0,4975051.0,36280.0
28-09-2021,18525447.0,67771.0,13508871.0,26246.0,5016576.0,41525.0
29-09-2021,18590834.0,65387.0,13533960.0,25089.0,5056874.0,40298.0
30-09-2021,18654841.0,64007.0,13558749.0,24789.0,5096092.0,39218.0
01-10-2021,18714633.0,59792.0,13582723.0,23974.0,5131910.0,35818.0
02-10-2021,18750639.0,36006.0,13600003.0,17280.0,5150636.0,18726.0
03-10-2021,18770952.0,20313.0,13611153.0,11150.0,5159799.0,9163.0
04-10-2021,18812721.0,41769.0,13633287.0,22134.0,5179434.0,19635.0
05-10-2021,18834649.0,21928.0,13649406.0,16119.0,5185243.0,5809.0
06-10-2021,18880990.0,46341.0,13672021.0,22615.0,5208969.0,23726.0
07-10-2021,18941151.0,60161.0,13697560.0,25539.0,5243591.0,34622.0
08-10-2021,19002811.0,61660.0,13721193.0,23633.0,5281618.0,38027.0
09-10-2021,19035836.0,33025.0,13738417.0,17224.0,5297419.0,15801.0
10-10-2021,19058314.0,22478.0,13753991.0,15574.0,5304323.0,6904.0
11-10-2021,19108588.0,50274.0,13775709.0,21718.0,5332879.0,28556.0
12-10-2021,19178566.0,69978.0,13804256.0,28547.0,5374310.0,41431.0
13-10-2021,19242346.0,63780.0,13827407.0,23151.0,5414939.0,40629.0
14-10-2021,19302161.0,59815.0,13849951.0,22544.0,5452210.0,37271.0
15-10-2021,19370512.0,68351.0,13872633.0,22682.0,5497879.0,45669.0
16-10-2021,19403452.0,32940.0,13889949.0,17316.0,5513503.0,15624.0
17-10-2021,19422832.0,19380.0,13901800.0,11851.0,5521032.0,7529.0
18-10-2021,19464524.0,41692.0,13923935.0,22135.0,5540589.0,19557.0
19-10-2021,19507914.0,43390.0,13950223.0,26288.0,5557691.0,17102.0
20-10-2021,19546533.0,38619.0,13973285.0,23062.0,5573248.0,15557.0
21-10-2021,19593728.0,47195.0,13997773.0,24488.0,5595955.0,22707.0
22-10-2021,19634751.0,41023.0,14020563.0,22790.0,5614188.0,18233.0
23-10-2021,19661295.0,26544.0,14038437.0,17874.0,5622858.0,8670.0
24-10-2021,19676263.0,14968.0,14048789.0,10352.0,5627474.0,4616.0
25-10-2021,19711548.0,35285.0,14071667.0,22878.0,5639881.0,12407.0
26-10-2021,19749228.0,37680.0,14098278.0,26611.0,5650950.0,11069.0
27-10-2021,19784847.0,35619.0,14123212.0,24934.0,5661635.0,10685.0
28-10-2021,19819716.0,34869.0,14145729.0,22517.0,5673987.0,12352.0
29-10-2021,19855030.0,35314.0,14167507.0,21778.0,5687523.0,13536.0
30-10-2021,19885322.0,30292.0,14187380.0,19873.0,5697942.0,10419.0
31-10-2021,19902849.0,17527.0,14199094.0,11714.0,5703755.0,5813.0
01-11-2021,19921165.0,18316.0,14210619.0,11525.0,5710546.0,6791.0
02-11-2021,19954725.0,33560.0,14232931.0,22312.0,5721794.0,11248.0
03-11-2021,19994436.0,39711.0,14260789.0,27858.0,5733647.0,11853.0
04-11-2021,20033212.0,38776.0,14286618.0,25829.0,5746594.0,12947.0
05-11-2021,20073920.0,40708.0,14312680.0,26062.0,5761240.0,14646.0
06-11-2021,20104769.0,30849.0,14334399.0,21719.0,5770370.0,9130.0
07-11-2021,20122662.0,17893.0,14347991.0,13592.0,5774671.0,4301.0
08-11-2021,20159274.0,36612.0,14372350.0,24359.0,5786924.0,12253.0
09-11-2021,20199753.0,40479.0,14401949.0,29599.0,5797804.0,10880.0
10-11-2021,20238803.0,39050.0,14429127.0,27178.0,5809676.0,11872.0
11-11-2021,20283015.0,44212.0,14458274.0,29147.0,5824741.0,15065.0
12-11-2021,20327460.0,44445.0,14487432.0,29158.0,5840028.0,15287.0
13-11-2021,20361702.0,34242.0,14511658.0,24226.0,5850044.0,10016.0
14-11-2021,20385083.0,23381.0,14528878.0,17220.0,5856205.0,6161.0
15-11-2021,20425528.0,40445.0,14555606.0,26728.0,5869922.0,13717.0
16-11-2021,20477076.0,51548.0,14593614.0,38008.0,5883462.0,13540.0
17-11-2021,20530528.0,53452.0,14631068.0,37454.0,5899460.0,15998.0
18-11-2021,20580585.0,50057.0,14664360.0,33292.0,5916225.0,16765.0
19-11-2021,20644007.0,63422.0,14700173.0,35813.0,5943834.0,27609.0
20-11-2021,20692707.0,48700.0,14731020.0,30847.0,5961687.0,17853.0
21-11-2021,20719128.0,26421.0,14750269.0,19249.0,5968859.0,7172.0
22-11-2021,20775333.0,56205.0,14783135.0,32866.0,5992198.0,23339.0
23-11-2021,20844492.0,69159.0,14827498.0,44363.0,6016994.0,24796.0
24-11-2021,20915616.0,71124.0,14869092.0,41594.0,6046524.0,29530.0
25-11-2021,20995352.0,79736.0,14909525.0,40433.0,6085827.0,39303.0
26-11-2021,21093446.0,98094.0,14954109.0,44584.0,6139337.0,53510.0
27-11-2021,21165845.0,72399.0,14992815.0,38706.0,6173030.0,33693.0
28-11-2021,21204977.0,39132.0,15015102.0,22287.0,6189875.0,16845.0
29-11-2021,21283107.0,78130.0,15048100.0,32998.0,6235007.0,45132.0
30-11-2021,21400088.0,116981.0,15099306.0,51206.0,6300782.0,65775.0
01-12-2021,21467679.0,67591.0,15135832.0,36526.0,6331847.0,31065.0
02-12-2021,21580491.0,112812.0,15162577.0,26745.0,6417914.0,86067.0
03-12-2021,21748627.0,168136.0,15213712.0,51135.0,6534915.0,117001.0
04-12-2021,21858506.0,109879.0,15260030.0,46318.0,6598476.0,63561.0
05-12-2021,21916759.0,58253.0,15289406.0,29376.0,6627353.0,28877.0
06-12-2021,22042987.0,126228.0,15325438.0,36032.0,6717549.0,90196.0
07-12-2021,22211060.0,168073.0,15382600.0,57162.0,6828460.0,110911.0
08-12-2021,22298899.0,87839.0,15424570.0,41970.0,6874329.0,45869.0
09-12-2021,22443244.0,144345.0,15465542.0,40972.0,6977702.0,103373.0
10-12-2021,22640962.0,197718.0,15521492.0,55950.0,7119470.0,141768.0
11-12-2021,22787039.0,146077.0,15570365.0,48873.0,7216674.0,97204.0
12-12-2021,22855272.0,68233.0,15597175.0,26810.0,7258097.0,41423.0
13-12-2021,22977916.0,122644.0,15635549.0,38374.0,7342367.0,84270.0
14-12-2021,23124747.0,146831.0,15698466.0,62917.0,7426281.0,83914.0
15-12-2021,23265367.0,140620.0,15753912.0,55446.0,7511455.0,85174.0
16-12-2021,23437697.0,172330.0,15803509.0,49597.0,7634188.0,122733.0
17-12-2021,23664981.0,227284.0,15858460.0,54951.0,7806521.0,172333.0
18-12-2021,23826316.0,161335.0,15904316.0,45856.0,7922000.0,115479.0
19-12-2021,23905081.0,78765.0,15932421.0,28105.0,7972660.0,50660.0
20-12-2021,24056249.0,151168.0,15972322.0,39901.0,8083927.0,111267.0
21-12-2021,24244422.0,188173.0,16032229.0,59907.0,8212193.0,128266.0
22-12-2021,24494256.0,249834.0,16095927.0,63698.0,8398329.0,186136.0
23-12-2021,24854086.0,359830.0,16168677.0,72750.0,8685409.0,287080.0
24-12-2021,25114814.0,260728.0,16228434.0,59757.0,8886380.0,200971.0
25-12-2021,25162551.0,47737.0,16253860.0,25426.0,8908691.0,22311.0
26-12-2021,25252238.0,89687.0,16280682.0,26822.0,8971556.0,62865.0
27-12-2021,25486997.0,234759.0,16330988.0,50306.0,9156009.0,184453.0
28-12-2021,25760643.0,273646.0,16409072.0,78084.0,9351571.0,195562.0
29-12-2021,26078371.0,317728.0,16491505.0,82433.0,9586866.0,235295.0
30-12-2021,26481127.0,402756.0,16586563.0,95058.0,9894564.0,307698.0
31-12-2021,26804825.0,323698.0,16665086.0,78523.0,10139739.0,245175.0
01-01-2022,26887506.0,82681.0,16710335.0,45249.0,10177171.0,37432.0
02-01-2022,26985793.0,98287.0,16742214.0,31879.0,10243579.0,66408.0
03-01-2022,27237600.0,251807.0,16798202.0,55988.0,10439398.0,195819.0
04-01-2022,27515490.0,277890.0,16895263.0,97061.0,10620227.0,180829.0
05-01-2022,27780292.0,264802.0,16991840.0,96577.0,10788452.0,168225.0
06-01-2022,28074538.0,294246.0,17089552.0,97712.0,10984986.0,196534.0
07-01-2022,28388361.0,313823.0,17176786.0,87234.0,11211575.0,226589.0
08-01-2022,28607331.0,218970.0,17250123.0,73337.0,11357208.0,145633.0
09-01-2022,28722635.0,115304.0,17296291.0,46168.0,11426344.0,69136.0
10-01-2022,28965597.0,242962.0,17360933.0,64642.0,11604664.0,178320.0
11-01-2022,29215284.0,249687.0,17448427.0,87494.0,11766857.0,162193.0
12-01-2022,29465673.0,250389.0,17531297.0,82870.0,11934376.0,167519.0
13-01-2022,29747183.0,281510.0,17612674.0,81377.0,12134509.0,200133.0
14-01-2022,30074386.0,327203.0,17693804.0,81130.0,12380582.0,246073.0
15-01-2022,30295166.0,220780.0,17765059.0,71255.0,12530107.0,149525.0
16-01-2022,30415088.0,119922.0,17809711.0,44652.0,12605377.0,75270.0
17-01-2022,30696882.0,281794.0,17873001.0,63290.0,12823881.0,218504.0
18-01-2022,30995451.0,298569.0,17963850.0,90849.0,13031601.0,207720.0
19-01-2022,31306640.0,311189.0,18057603.0,93753.0,13249037.0,217436.0
20-01-2022,31649695.0,343055.0,18158267.0,100664.0,13491428.0,242391.0
21-01-2022,32030146.0,380451.0,18259984.0,101717.0,13770162.0,278734.0
22-01-2022,32294085.0,263939.0,18339815.0,79831.0,13954270.0,184108.0
23-01-2022,32450789.0,156704.0,18400376.0,60561.0,14050413.0,96143.0
24-01-2022,32763669.0,312880.0,18472885.0,72509.0,14290784.0,240371.0
25-01-2022,33091055.0,327386.0,18572888.0,100003.0,14518167.0,227383.0
26-01-2022,33409187.0,318132.0,18677260.0,104372.0,14731927.0,213760.0
27-01-2022,33752598.0,343411.0,18776983.0,99723.0,14975615.0,243688.0
28-01-2022,34107155.0,354557.0,18872694.0,95711.0,15234461.0,258846.0
29-01-2022,34360016.0,252861.0,18953855.0,81161.0,15406161.0,171700.0
30-01-2022,34498930.0,138914.0,19005252.0,51397.0,15493678.0,87517.0
31-01-2022,34772184.0,273254.0,19074709.0,69457.0,15697475.0,203797.0
01-02-2022,35021584.0,249400.0,19170301.0,95592.0,15851283.0,153808.0
02-02-2022,35261065.0,239481.0,19258973.0,88672.0,16002092.0,150809.0
03-02-2022,35500336.0,239271.0,19345839.0,86866.0,16154497.0,152405.0
04-02-2022,35751897.0,251561.0,19424834.0,78995.0,16327063.0,172566.0
05-02-2022,35923464.0,171567.0,19491351.0,66517.0,16432113.0,105050.0
06-02-2022,36009956.0,86492.0,19525330.0,33979.0,16484626.0,52513.0
07-02-2022,36183306.0,173350.0,19571250.0,45920.0,16612056.0,127430.0
08-02-2022,36355609.0,172303.0,19640141.0,68891.0,16715468.0,103412.0
09-02-2022,36514985.0,159376.0,19694256.0,54115.0,16820729.0,105261.0
10-02-2022,36665475.0,150490.0,19742154.0,47898.0,16923321.0,102592.0
11-02-2022,36835275.0,169800.0,19778087.0,35933.0,17057188.0,133867.0
12-02-2022,36953359.0,118084.0,19813523.0,35436.0,17139836.0,82648.0
13-02-2022,37004894.0,51535.0,19830239.0,16716.0,17174655.0,34819.0
14-02-2022,37125856.0,120962.0,19856703.0,26464.0,17269153.0,94498.0
15-02-2022,37248188.0,122332.0,19896302.0,39599.0,17351886.0,82733.0
16-02-2022,37362117.0,113929.0,19927501.0,31199.0,17434616.0,82730.0
17-02-2022,37479016.0,116899.0,19959727.0,32226.0,17519289.0,84673.0
18-02-2022,37602525.0,123509.0,19987640.0,27913.0,17614885.0,95596.0
19-02-2022,37674051.0,71526.0,20007604.0,19964.0,17666447.0,51562.0
20-02-2022,37712155.0,38104.0,20020560.0,12956.0,17691595.0,25148.0
21-02-2022,37805639.0,93484.0,20044600.0,24040.0,17761039.0,69444.0
22-02-2022,37941346.0,135707.0,20073607.0,29007.0,17867739.0,106700.0
23-02-2022,38033915.0,92569.0,20099396.0,25789.0,17934519.0,66780.0
24-02-2022,38119866.0,85951.0,20121372.0,21976.0,17998494.0,63975.0
25-02-2022,38212414.0,92548.0,20142468.0,21096.0,18069946.0,71452.0
26-02-2022,38268987.0,56573.0,20158796.0,16328.0,18110191.0,40245.0
27-02-2022,38299468.0,30481.0,20168499.0,9703.0,18130969.0,20778.0
28-02-2022,38383640.0,84172.0,20187800.0,19301.0,18195840.0,64871.0
01-03-2022,38440979.0,57339.0,20206638.0,18838.0,18234341.0,38501.0
02-03-2022,38504478.0,63499.0,20227713.0,21075.0,18276765.0,42424.0
03-03-2022,38580475.0,75997.0,20254737.0,27024.0,18325738.0,48973.0
04-03-2022,38653656.0,73181.0,20278494.0,23757.0,18375162.0,49424.0
05-03-2022,38699855.0,46199.0,20296009.0,17515.0,18403846.0,28684.0
06-03-2022,38727942.0,28087.0,20308141.0,12132.0,18419801.0,15955.0
07-03-2022,38798724.0,70782.0,20329419.0,21278.0,18469305.0,49504.0
08-03-2022,38867127.0,68403.0,20354954.0,25535.0,18512173.0,42868.0
09-03-2022,38930126.0,62999.0,20377438.0,22484.0,18552688.0,40515.0
10-03-2022,38992128.0,62002.0,20399313.0,21875.0,18592815.0,40127.0
11-03-2022,39057671.0,65543.0,20420045.0,20732.0,18637626.0,44811.0
12-03-2022,39098625.0,40954.0,20435670.0,15625.0,18662955.0,25329.0
13-03-2022,39121323.0,22698.0,20444627.0,8957.0,18676696.0,13741.0
14-03-2022,39187700.0,66377.0,20464335.0,19708.0,18723365.0,46669.0
15-03-2022,39253560.0,65860.0,20491586.0,27251.0,18761974.0,38609.0
16-03-2022,39316013.0,62453.0,20513942.0,22356.0,18802071.0,40097.0
17-03-2022,39374947.0,58934.0,20535282.0,21340.0,18839665.0,37594.0
18-03-2022,39436395.0,61448.0,20554290.0,19008.0,18882105.0,42440.0
19-03-2022,39475819.0,39424.0,20568965.0,14675.0,18906854.0,24749.0
20-03-2022,39497750.0,21931.0,20578126.0,9161.0,18919624.0,12770.0
21-03-2022,39561936.0,64186.0,20599363.0,21237.0,18962573.0,42949.0
22-03-2022,39624193.0,62257.0,20623729.0,24366.0,19000464.0,37891.0
23-03-2022,39680040.0,55847.0,20643672.0,19943.0,19036368.0,35904.0
24-03-2022,39734174.0,54134.0,20661773.0,18101.0,19072401.0,36033.0
25-03-2022,39793320.0,59146.0,20680704.0,18931.0,19112616.0,40215.0
26-03-2022,39829483.0,36163.0,20693742.0,13038.0,19135741.0,23125.0
27-03-2022,39851361.0,21878.0,20702188.0,8446.0,19149173.0,13432.0
28-03-2022,39912186.0,60825.0,20720669.0,18481.0,19191517.0,42344.0
29-03-2022,39970994.0,58808.0,20743099.0,22430.0,19227895.0,36378.0
30-03-2022,40026768.0,55774.0,20761571.0,18472.0,19265197.0,37302.0
31-03-2022,40088192.0,61424.0,20779427.0,17856.0,19308765.0,43568.0
01-04-2022,40137168.0,48976.0,20795232.0,15805.0,19341936.0,33171.0
02-04-2022,40170130.0,32962.0,20808414.0,13182.0,19361716.0,19780.0
03-04-2022,40188779.0,18649.0,20815773.0,7359.0,19373006.0,11290.0
04-04-2022,40239817.0,51038.0,20833024.0,17251.0,19406793.0,33787.0
05-04-2022,40289197.0,49380.0,20853631.0,20607.0,19435566.0,28773.0
06-04-2022,40338322.0,49125.0,20872493.0,18862.0,19465829.0,30263.0
07-04-2022,40384633.0,46311.0,20889612.0,17119.0,19495021.0,29192.0
08-04-2022,40433267.0,48634.0,20906211.0,16599.0,19527056.0,32035.0
09-04-2022,40464651.0,31384.0,20918798.0,12587.0,19545853.0,18797.0
10-04-2022,40483678.0,19027.0,20927159.0,8361.0,19556519.0,10666.0
11-04-2022,40534335.0,50657.0,20945336.0,18177.0,19588999.0,32480.0
12-04-2022,40582498.0,48163.0,20965101.0,19765.0,19617397.0,28398.0
13-04-2022,40628701.0,46203.0,20981076.0,15975.0,19647625.0,30228.0
14-04-2022,40678788.0,50087.0,20998268.0,17192.0,19680520.0,32895.0
15-04-2022,40700808.0,22020.0,21006588.0,8320.0,19694220.0,13700.0
16-04-2022,40733478.0,32670.0,21017681.0,11093.0,19715797.0,21577.0
17-04-2022,40748372.0,14894.0,21025023.0,7342.0,19723349.0,7552.0
18-04-2022,40799260.0,50888.0,21043518.0,18495.0,19755742.0,32393.0
19-04-2022,40851325.0,52065.0,21065556.0,22038.0,19785769.0,30027.0
20-04-2022,40899884.0,48559.0,21083200.0,17644.0,19816684.0,30915.0
21-04-2022,40949035.0,49151.0,21101162.0,17962.0,19847873.0,31189.0
22-04-2022,40993102.0,44067.0,21115664.0,14502.0,19877438.0,29565.0
23-04-2022,41021678.0,28576.0,21126550.0,10886.0,19895128.0,17690.0
24-04-2022,41038444.0,16766.0,21133561.0,7011.0,19904883.0,9755.0
25-04-2022,41060137.0,21693.0,21142847.0,9286.0,19917290.0,12407.0
26-04-2022,41113089.0,52952.0,21160650.0,17803.0,19952439.0,35149.0
27-04-2022,41165855.0,52766.0,21181862.0,21212.0,19983993.0,31554.0
28-04-2022,41218424.0,52569.0,21200246.0,18384.0,20018178.0,34185.0
29-04-2022,41278379.0,59955.0,21217182.0,16936.0,20061197.0,43019.0
30-04-2022,41320769.0,42390.0,21228266.0,11084.0,20092503.0,31306.0
01-05-2022,41336850.0,16081.0,21238097.0,9831.0,20098753.0,6250.0
02-05-2022,41376874.0,40024.0,21258618.0,20521.0,20118256.0,19503.0
03-05-2022,41418112.0,41238.0,21282992.0,24374.0,20135120.0,16864.0
04-05-2022,41456888.0,38776.0,21304244.0,21252.0,20152644.0,17524.0
05-05-2022,41500718.0,43830.0,21328089.0,23845.0,20172629.0,19985.0
06-05-2022,41541745.0,41027.0,21350154.0,22065.0,20191591.0,18962.0
07-05-2022,41572572.0,30827.0,21368004.0,17850.0,20204568.0,12977.0
08-05-2022,41591184.0,18612.0,21378773.0,10769.0,20212411.0,7843.0
09-05-2022,41642475.0,51291.0,21404457.0,25684.0,20238018.0,25607.0
10-05-2022,41697794.0,55319.0,21437494.0,33037.0,20260300.0,22282.0
11-05-2022,41753538.0,55744.0,21469538.0,32044.0,20284000.0,23700.0
12-05-2022,41810659.0,57121.0,21495581.0,26043.0,20315078.0,31078.0
13-05-2022,41861441.0,50782.0,21511953.0,16372.0,20349488.0,34410.0
14-05-2022,41903714.0,42273.0,21526528.0,14575.0,20377186.0,27698.0
15-05-2022,41925228.0,21514.0,21534158.0,7630.0,20391070.0,13884.0
16-05-2022,41997519.0,72291.0,21549884.0,15726.0,20447635.0,56565.0
17-05-2022,42062040.0,64521.0,21567778.0,17894.0,20494262.0,46627.0
18-05-2022,42123558.0,61518.0,21583027.0,15249.0,20540531.0,46269.0
19-05-2022,42182746.0,59188.0,21597593.0,14566.0,20585153.0,44622.0
20-05-2022,42241214.0,58468.0,21611019.0,13426.0,20630195.0,45042.0
21-05-2022,42276350.0,35136.0,21621106.0,10087.0,20655244.0,25049.0
22-05-2022,42298739.0,22389.0,21628383.0,7277.0,20670356.0,15112.0
23-05-2022,42365073.0,66334.0,21642677.0,14294.0,20722396.0,52040.0
24-05-2022,42425003.0,59930.0,21657631.0,14954.0,20767372.0,44976.0
25-05-2022,42483884.0,58881.0,21671338.0,13707.0,20812546.0,45174.0
26-05-2022,42536539.0,52655.0,21684259.0,12921.0,20852280.0,39734.0
27-05-2022,42588488.0,51949.0,21696614.0,12355.0,20891874.0,39594.0
28-05-2022,42624557.0,36069.0,21705739.0,9125.0,20918818.0,26944.0
29-05-2022,42644919.0,20362.0,21712225.0,6486.0,20932694.0,13876.0
30-05-2022,42709728.0,64809.0,21725442.0,13217.0,20984286.0,51592.0
31-05-2022,42772441.0,62713.0,21740616.0,15174.0,21031825.0,47539.0
01-06-2022,42825431.0,52990.0,21753808.0,13192.0,21071623.0,39798.0
02-06-2022,,50339.76190476191,,,,
03-06-2022,,47689.52380952381,,,,
04-06-2022,,45039.28571428572,,,,
05-06-2022,,43418.63265306123,,,,
06-06-2022,,41797.97959183674,,,,
07-06-2022,,40177.32653061225,,,,
08-06-2022,,38556.67346938775,,,,
09-06-2022,,36936.02040816326,,,,
10-06-2022,,35315.36734693877,,,,
11-06-2022,,33694.71428571428,,,,
12-06-2022,,32591.32653061224,,,,
13-06-2022,,31487.938775510203,,,,
14-06-2022,,30384.551020408162,,,,
15-06-2022,,29281.16326530612,,,,
16-06-2022,,28177.775510204083,,,,
17-06-2022,,27074.38775510204,,,,
18-06-2022,,25971.0,,,,
19-06-2022,,25648.38775510204,,,,
20-06-2022,,25325.775510204083,,,,
21-06-2022,,25003.163265306124,,,,
22-06-2022,,24680.551020408162,,,,
23-06-2022,,24357.938775510203,,,,
24-06-2022,,24035.326530612245,,,,
25-06-2022,,23712.714285714286,,,,
26-06-2022,,23513.38775510204,,,,
27-06-2022,,23314.061224489797,,,,
28-06-2022,,23114.73469387755,,,,
29-06-2022,,22915.408163265307,,,,
30-06-2022,,22716.081632653062,,,,
01-07-2022,,22516.755102040817,,,,
02-07-2022,,22317.428571428572,,,,
03-07-2022,,21914.816326530614,,,,
04-07-2022,,21512.204081632655,,,,
05-07-2022,,21109.591836734697,,,,
06-07-2022,,20706.979591836734,,,,
07-07-2022,,20304.367346938776,,,,
08-07-2022,,19901.755102040817,,,,
09-07-2022,,19499.14285714286,,,,
10-07-2022,,19122.204081632655,,,,
11-07-2022,,18745.26530612245,,,,
12-07-2022,,18368.326530612245,,,,
13-07-2022,,17991.38775510204,,,,
14-07-2022,,17614.448979591838,,,,
15-07-2022,,17237.51020408163,,,,
16-07-2022,,16860.571428571428,,,,
17-07-2022,,16570.448979591834,,,,
18-07-2022,,16280.326530612245,,,,
19-07-2022,,15990.204081632652,,,,
20-07-2022,,15700.08163265306,,,,
21-07-2022,,15409.959183673469,,,,
22-07-2022,,15119.836734693878,,,,
23-07-2022,,14829.714285714286,,,,
24-07-2022,,14601.387755102041,,,,
25-07-2022,,14373.061224489797,,,,
26-07-2022,,14144.734693877552,,,,
27-07-2022,,13916.408163265305,,,,
28-07-2022,,13688.08163265306,,,,
29-07-2022,,13459.755102040815,,,,
30-07-2022,,13231.42857142857,,,,
31-07-2022,,13054.34693877551,,,,
01-08-2022,,12877.265306122448,,,,
02-08-2022,,12700.183673469388,,,,
03-08-2022,,12523.102040816326,,,,
04-08-2022,,12346.020408163266,,,,
05-08-2022,,12168.938775510203,,,,
06-08-2022,,11991.857142857143,,,,
07-08-2022,,11945.836734693878,,,,
08-08-2022,,11899.816326530612,,,,
09-08-2022,,11853.795918367347,,,,
10-08-2022,,11807.775510204083,,,,
11-08-2022,,11761.755102040817,,,,
12-08-2022,,11715.734693877552,,,,
13-08-2022,,11669.714285714286,,,,
14-08-2022,,11556.326530612245,,,,
15-08-2022,,11442.938775510205,,,,
16-08-2022,,11329.551020408164,,,,
17-08-2022,,11216.163265306122,,,,
18-08-2022,,11102.775510204081,,,,
19-08-2022,,10989.387755102041,,,,
20-08-2022,,10876.0,,,,
21-08-2022,,11011.448979591836,,,,
22-08-2022,,11146.897959183674,,,,
23-08-2022,,11282.34693877551,,,,
24-08-2022,,11417.795918367347,,,,
25-08-2022,,11553.244897959183,,,,
26-08-2022,,11688.69387755102,,,,
27-08-2022,,11824.142857142857,,,,
28-08-2022,,11841.571428571428,,,,
29-08-2022,,11859.0,,,,
30-08-2022,,11876.42857142857,,,,
31-08-2022,,11893.857142857143,,,,
01-09-2022,,11911.285714285714,,,,
02-09-2022,,11928.714285714286,,,,
03-09-2022,,11946.142857142857,,,,
04-09-2022,,11976.42857142857,,,,
05-09-2022,,12006.714285714286,,,,
06-09-2022,,12037.0,,,,
07-09-2022,,12067.285714285714,,,,
08-09-2022,,12097.571428571428,,,,
09-09-2022,,12127.857142857143,,,,
10-09-2022,,12158.142857142857,,,,
11-09-2022,,12225.755102040815,,,,
12-09-2022,,12293.367346938776,,,,
13-09-2022,,12360.979591836734,,,,
14-09-2022,,12428.591836734693,,,,
15-09-2022,,12496.204081632652,,,,
16-09-2022,,12563.816326530612,,,,
17-09-2022,,12631.42857142857,,,,
18-09-2022,,12760.530612244896,,,,
19-09-2022,,12889.632653061224,,,,
20-09-2022,,13018.73469387755,,,,
21-09-2022,,13147.836734693878,,,,
22-09-2022,,13276.938775510203,,,,
23-09-2022,,13406.040816326531,,,,
24-09-2022,,13535.142857142857,,,,
25-09-2022,,13514.959183673469,,,,
26-09-2022,,13494.775510204081,,,,
27-09-2022,,13474.591836734693,,,,
28-09-2022,,13454.408163265307,,,,
29-09-2022,,13434.224489795919,,,,
30-09-2022,,13414.040816326531,,,,
01-10-2022,,13393.857142857143,,,,
02-10-2022,,12890.408163265307,,,,
03-10-2022,,12386.959183673469,,,,
04-10-2022,,11883.510204081633,,,,
05-10-2022,,11380.061224489797,,,,
06-10-2022,,10876.612244897959,,,,
07-10-2022,,10373.163265306122,,,,
08-10-2022,,9869.714285714286,,,,
09-10-2022,,9945.285714285716,,,,
10-10-2022,,10020.857142857143,,,,
11-10-2022,,10096.428571428572,,,,
12-10-2022,,10172.0,,,,
13-10-2022,,10247.57142857143,,,,
14-10-2022,,10323.142857142857,,,,
15-10-2022,,10398.714285714286,,,,
16-10-2022,,10497.510204081633,,,,
17-10-2022,,10596.30612244898,,,,
18-10-2022,,10695.102040816326,,,,
19-10-2022,,10793.897959183674,,,,
20-10-2022,,10892.69387755102,,,,
21-10-2022,,10991.489795918367,,,,
22-10-2022,,11090.285714285714,,,,
23-10-2022,,10740.836734693878,,,,
24-10-2022,,10391.38775510204,,,,
25-10-2022,,10041.938775510203,,,,
26-10-2022,,9692.489795918367,,,,
27-10-2022,,9343.040816326531,,,,
28-10-2022,,8993.591836734693,,,,
29-10-2022,,8644.142857142857,,,,
30-10-2022,,8697.65306122449,,,,
31-10-2022,,8751.163265306122,,,,
01-11-2022,,8804.673469387755,,,,
02-11-2022,,8858.183673469388,,,,
03-11-2022,,8911.69387755102,,,,
04-11-2022,,8965.204081632653,,,,
05-11-2022,,9018.714285714286,,,,
06-11-2022,,9118.61224489796,,,,
07-11-2022,,9218.510204081633,,,,
08-11-2022,,9318.408163265307,,,,
09-11-2022,,9418.30612244898,,,,
10-11-2022,,9518.204081632653,,,,
11-11-2022,,9618.102040816326,,,,
12-11-2022,,9718.0,,,,
13-11-2022,,9722.510204081633,,,,
14-11-2022,,9727.020408163266,,,,
15-11-2022,,9731.530612244898,,,,
16-11-2022,,9736.040816326531,,,,
17-11-2022,,9740.551020408164,,,,
18-11-2022,,9745.061224489797,,,,
19-11-2022,,9749.57142857143,,,,
20-11-2022,,9665.387755102041,,,,
21-11-2022,,9581.204081632653,,,,
22-11-2022,,9497.020408163266,,,,
23-11-2022,,9412.836734693878,,,,
24-11-2022,,9328.65306122449,,,,
25-11-2022,,9244.469387755102,,,,
26-11-2022,,9160.285714285714,,,,
27-11-2022,,9025.69387755102,,,,
28-11-2022,,8891.102040816326,,,,
29-11-2022,,8756.510204081633,,,,
30-11-2022,,8621.918367346938,,,,
01-12-2022,,8487.326530612245,,,,
02-12-2022,,8352.734693877552,,,,
03-12-2022,,8218.142857142857,,,,
04-12-2022,,7903.489795918367,,,,
05-12-2022,,7588.836734693878,,,,
06-12-2022,,7274.183673469388,,,,
07-12-2022,,6959.530612244898,,,,
08-12-2022,,6644.877551020409,,,,
09-12-2022,,6330.224489795918,,,,
10-12-2022,,6015.571428571428,,,,
11-12-2022,,5876.122448979591,,,,
12-12-2022,,5736.673469387755,,,,
13-12-2022,,5597.224489795918,,,,
14-12-2022,,5457.775510204082,,,,
15-12-2022,,5318.326530612245,,,,
16-12-2022,,5178.877551020409,,,,
17-12-2022,,5039.428571428572,,,,
18-12-2022,,4930.102040816327,,,,
19-12-2022,,4820.775510204082,,,,
20-12-2022,,4711.448979591837,,,,
21-12-2022,,4602.122448979592,,,,
22-12-2022,,4492.7959183673465,,,,
23-12-2022,,4383.469387755102,,,,
24-12-2022,,4274.142857142857,,,,
25-12-2022,,4164.816326530612,,,,
26-12-2022,,4055.4897959183672,,,,
27-12-2022,,3946.1632653061224,,,,
28-12-2022,,3836.8367346938776,,,,
29-12-2022,,3727.5102040816328,,,,
30-12-2022,,3618.1836734693875,,,,
31-12-2022,,3508.8571428571427,,,,
01-01-2023,,3566.1020408163263,,,,
02-01-2023,,3623.34693877551,,,,
03-01-2023,,3680.5918367346935,,,,
04-01-2023,,3737.8367346938776,,,,
05-01-2023,,3795.081632653061,,,,
06-01-2023,,3852.326530612245,,,,
07-01-2023,,3909.5714285714284,,,,
08-01-2023,,3831.020408163265,,,,
09-01-2023,,3752.469387755102,,,,
10-01-2023,,3673.918367346939,,,,
11-01-2023,,3595.3673469387754,,,,
12-01-2023,,3516.816326530612,,,,
13-01-2023,,3438.265306122449,,,,
14-01-2023,,3359.714285714286,,,,
15-01-2023,,3306.2244897959185,,,,
16-01-2023,,3252.734693877551,,,,
17-01-2023,,3199.2448979591836,,,,
18-01-2023,,3145.7551020408164,,,,
19-01-2023,,3092.265306122449,,,,
20-01-2023,,3038.7755102040815,,,,
21-01-2023,,2985.285714285714,,,,
22-01-2023,,2899.734693877551,,,,
23-01-2023,,2814.183673469388,,,,
24-01-2023,,2728.6326530612246,,,,
25-01-2023,,2643.081632653061,,,,
26-01-2023,,2557.530612244898,,,,
27-01-2023,,2471.979591836735,,,,
28-01-2023,,2386.4285714285716,,,,
29-01-2023,,2357.4285714285716,,,,
30-01-2023,,2328.4285714285716,,,,
31-01-2023,,2299.4285714285716,,,,
01-02-2023,,2270.4285714285716,,,,
02-02-2023,,2241.4285714285716,,,,
03-02-2023,,2212.4285714285716,,,,
04-02-2023,,2183.4285714285716,,,,
05-02-2023,,2199.5510204081634,,,,
06-02-2023,,2215.673469387755,,,,
07-02-2023,,2231.795918367347,,,,
08-02-2023,,2247.918367346939,,,,
09-02-2023,,2264.0408163265306,,,,
10-02-2023,,2280.1632653061224,,,,
11-02-2023,,2296.285714285714,,,,
12-02-2023,,2281.285714285714,,,,
13-02-2023,,2266.285714285714,,,,
14-02-2023,,2251.285714285714,,,,
15-02-2023,,2236.285714285714,,,,
16-02-2023,,2221.285714285714,,,,
17-02-2023,,2206.285714285714,,,,
18-02-2023,,2191.285714285714,,,,
19-02-2023,,2194.6938775510203,,,,
20-02-2023,,2198.1020408163267,,,,
21-02-2023,,2201.5102040816328,,,,
22-02-2023,,2204.918367346939,,,,
23-02-2023,,2208.326530612245,,,,
24-02-2023,,2211.7346938775513,,,,
25-02-2023,,2215.1428571428573,,,,
